_MATCH_,_TAG_,_DESTINATION_,_GENRE_
_PORNSTARS_,_PORNSTARS_,_PORNSTARS_,_PORNSTARS_
AB-Doll,AB-Doll,pornstars,Latina
AB.Doll,AB-Doll,pornstars,Latina
AdolfXNika,AdolfXNika,pornstars,
Aeries.Steele ,Aeries Steele,pornstars,Asian
Aila.Donovan,Aila Donovan,pornstars,
Alex.Grey,Alex Grey,pornstars,Petite
Alexia.Anders,Alexia Anders,pornstars,
Alice.Bong ,Alice Bong,pornstars,Polish
Alice.Redlips,Alice Redlips,pornstars,Czech
Alina.Belle,Alina Belle,pornstars,Latina
Alina.Lin,Alina Lin,pornstars,Asian
Alina.Li,Alina Li,pornstars,Asian
Allie.Nicole,Allie Nicole,pornstars,
Krystal.Boyd,Anjelica,pornstars,Russian
Amber.Moore,Amber Moore,pornstars,
Angel.Rae,Angel Rae,pornstars,Russian
Anna.Claire.Clouds,Anna Claire Clouds,pornstars,
Anny.Aurora,Anny Aurora,pornstars,German
Aria.Skye,Aria Skye,pornstars,Asian
Ariana.Simon,Ariana Simon,pornstars,Latina
Arina.Fox,Arina Fox,pornstars,
FoxyElf,Arina Fox,pornstars,
Ashley.Red,Ashley Red,pornstars,
Asia.Perez,Asia Perez,pornstars,Filipina
Aurora.Winters,Aurora Winters,pornstars,Asian
Avery.Black,Avery Black,pornstars,Asian
Ayumi.Anime,Ayumi Anime,pornstars,Japanese
Baby.Nicols,Baby Nicols,pornstars,Latina
Barbie.Brill,Barbie Brill,pornstars,
Brill.Barbie.Barbie Brill,pornstars,
Bella.Luna,Bella Luna,pornstars,BigTits
Bernie.Svintis,Bernie Svintis,pornstars,
Bianca.Bangs,Bianca Bangs,pornstars,Latina
Bluelah,Bluelah,pornstars,
Brandi.Braids,Brandi Braids,pornstars,
BrandiBraids,Brandi Braids,pornstars,
Breezy.Bri,Breezy Bri,pornstars,
Bridgette.B,Bridgette B,pornstars,BigTits
Britt.Blair,Britt Blair,pornstars,
Brooklyn.Madison,Brooklyn Madison,pornstars,
CJ.Miles,CJ Miles,pornstars,Filipina
Cecelia.Taylor,Cecelia Taylor,pornstars,
Chanel.Shortcake,Chanel Shortcake,pornstars,
Channy.Crossfire,Channy Crossfire,pornstars,Asian
Chantal.Danielle,Chantal Danielle,pornstars,
Cherry.Crush,Cherry Crush,pornstars,
Cherry.Hilson,Cherry Hilson,pornstars,Black
Chloe.Amour,Chloe Amour,pornstars,Latina
Clara.Mia,Clara Mia,pornstars,
Clara.Trinity,Clara Trinity,pornstars,Filipina
Coco.Lovelock,Coco Lovelock,pornstars,
Corra.Cox,Corra Cox,pornstars,
Dakota.Skye,Dakota Skye,pornstars,Petite
Dani.Lynn,Dani Lynn,pornstars,
Destiny.Cruz,Destiny Cruz,pornstars,Guamanian
Elena.Koshka,Elena Koshka,pornstars,Russian
Elizabeth.Jolie,Elizabeth Jolie,pornstars,Latina
Valentina.Paradis,Elizabeth Jolie,pornstars,Latina
Ella.Cruz,Ella Cruz,pornstars,Black
Elle.Lee,Elle Lee,pornstars,Asian
Elle.Voneva,Elle Voneva,pornstars,Asian
Elsa.Jean,Elsa Jean,pornstars,
Ember.Snow,Ember Snow,pornstars,Filipina
Emily.Willis,Emily Willis,pornstars,Petite
Emiri.Momota,Emiri Momota,pornstars,Japanese
Emma.Bugg,Emma Bugg,pornstars,
Erica.Fontes,Erica Fontes,pornstars,Latina
Eva.Elfie,Eva Elfie,pornstars,Russian
Evelyn.Payne,Evelyn Payne,pornstars,
Fiamurr,Fiamurr,pornstars,
Fiji.Falzz,Fiji Falzz,pornstars_keepers,HX
Fit.Kitty,Fit Kitty,pornstars,
Freya.Stein,Freya Stein,pornstars,
Gabbie.Carter,Gabbie Carter,pornstars,BigTits
Geishakyd,Geishakyd,pornstars,Petite
Geisha.kyd,Geishakyd,pornstars,Petite
Gia.Dibella,Gia Dibella,pornstars,Asian
Gia.Di.Bella,Gia Dibella,pornstars,Asian
Gina.Gerson,Gina Gerson,pornstars,Russian
Gina.Valentina,Gina Valentina,pornstars,
Doris.Ivy,Gina Gerson,pornstars,Russian
Evelyn.Payne,Evelyn Payne,pornstars,
Freya.Mayer,Freya Mayer,pornstars,
GwenGwiz,GwenGwiz,pornstars,
Gwen.Gwiz,GwenGwiz,pornstars,
Gwen.Swinarton,GwenGwiz,pornstars,
Hannah.Hays ,Hannah Hays,pornstars,
Harmony.Wonder,Harmony Wonder,pornstars,
Hazel.Heart,Hazel Heart,pornstars,
Helen.Mint,Helen Mint,pornstars,
Hikaru.Kurokawa,Hikaru Kurokawa,pornstars,Japanese
Holly.Hendrix,Holly Hendrix,pornstars,
Holly.Lace,Holly Lace,pornstars_keepers,HX
Honey.Moon,Honey Moon,pornstars,Asian
Isla.Summer,Isla Summer,pornstars,Samoan
JC.Wilds,JC Wilds,pornstars,
Jada.Kai,Jada Kai,pornstars,Filipina
Jackie.Knight,Jada Kai,pornstars,Filipina
Jade.Kimiko,Jade Kimiko,pornstars,Asian
Jamie.Luna,Jamie Luna,pornstars,
AdventuresofRxB,Jamie Luna,pornstars,
CollegeCreamPieCutie,Jamie Luna,pornstars,
Jamie.Young,Jamie Young,pornstars,
Jamie-Young,Jamie Young,pornstars,
Janice.Griffith,Janice Griffith,pornstars,
Jasmine.Grey,Jasmine Grey,pornstars,Asian
Jazlyn.Ray,Jazlyn Ray,pornstars,
Jessica.Starling,Jessica Starling,pornstars,Maltese
Jessie.Carmen,Jessie Carmen,pornstars,Asian
Jessie.Saint,Jessie Saint,pornstars,
Jezabel.Vessir,Jezabel Vessir,pornstars,Black
Kimora.Quin,Kimora Quin,pornstars,
Josie.Jagger,Josie Jagger,pornstars,Latina
June.Liu,June Liu,pornstars,Chinese
Jureka.Del.Mar,Jureka Del Mar,hold,
SpicyGum,June Liu,pornstars,Chinese
Killa.Raketa,Killa Raketa,pornstars,Indonesian
Kobayashi.Ryoko,Kobayashi Ryoko,pornstars,Japanese
Kanna.Kitayama,Kanna Kitayama,pornstars,Japanese
Karen.Misaki,Karen Misaki,pornstars,Japanese
Karneli.Bandi,Karneli Bandi,pornstars,
Kate.Bloom,Kate Bloom,pornstars,
Kate.Kuray,Kate Kuray,pornstars,Russian
KateKuray,Kate Kuray,pornstars,Russian
Katie.Lin,Katie Lin,pornstars,Asian
Katrina.Moreno,Katrina Moreno,pornstars,Latina
Kazumi.Squirts,Kazumi Squirts,pornstars,Asian
Keely.Rose,Keely Rose,pornstars,
Kenna.James,Kenna James,pornstars,
Kenzie.Green,Kenzie Green,pornstars_keepers,HX
KeyMoonAsian,KeyMoonAsian,pornstars,Vietnamese
Kiara.Cole,Kiara Cole,pornstars,
Kiittenymph,Kiittenymph,pornstars,
Killa.Raketa,Killa Raketa,pornstars,Asian
Kim.Rose,Kim Rose,pornstars,Thai
Kimmy.Kim,Kimmy Kimm,pornstars,Asian
Kimberly.Chi,Kimberly Chi,pornstars,Asian
Tiffany.Masters,Kimberly Chi,pornstars,Asian
Kira.Taylor,Kira Taylor,pornstars,
Kobayashi.Ryoko,Kobayashi Ryoko,pornstars,Japanese
Kokoro.Wato,Kokoro Wato,pornstars,Japanese
KorpseKitten,KorpseKitten,pornstars,Asian
Evie.Rain,KorpseKitten,pornstars,Asian
Kylie.Page,Kylie Page,pornstars,BigTits
Latika.Jha,Latika Jha,pornstars,Indian
Leah.Lee,Leah Lee,pornstars,
Leah.Meow,Leah Meow,pornstars,Finnish
Lia.Lin,Lia Lin,pornstars,Filipina
Lina.Flex,Lina Flex,pornstars,Asian
Little.Angel,Little Angel,pornstars,Estonian
Little.Mina,Little Mina,pornstars,Asian
Lola.Chanel,Lola Chanel,pornstars,Black
Lola.Fae,Lola Fae,pornstars,
Loni.Legend,Loni Legend,pornstars_keepers,Black
Lulu.Chu,Lulu Chu,pornstars,Chinese
Luna.Fae,Luna Fae,pornstars,Petite
Luna.Mills,Luna Mills,pornstars,Asian
Luxury.Girl,LuxuryGirl,pornstars,Russian
LuxuryGirl,LuxuryGirl,pornstars,Russian
Lya.Missy ,Lya Missy,pornstars,Latina
Macarena.Lewis,Macarena Lewis,pornstars,Latina
Madi.Laine,Madi Laine,pornstars,Asian
Madison.Quinn,Madison Quinn,pornstars,
Malina.Melendez,Malina Melendez,pornstars,Black
Mana.Izumi,Mana Izumi,pornstars,Japanese
Marcelin.Abadir,Marcelin Abadir,pornstars,Russian
Marsha.May,Marsha May,pornstars,
Martina.Smeraldi,Martina Smeraldi,pornstars,Italian
May.Thai,May Thai,pornstars,Thai
Maya.Bijou,Maya Bijou,pornstars,Black
Megumi.Shino,Megumi Shimo,pornstars,Japanese
Mi.Ha.Doan,Mi Ha Doan,pornstars,Vietnamese
Mia.Julia,Mia Magma,pornstars,German
Mia.Kay,Mia Kay,pornstars,
Michelle.Anderson,Michelle Anderson,pornstars,Black
Mina.Luxx,Mina Luxx,pornstars,Korean
Molly.Little,Molly Little,pornstars,
Molly.Redwolf,MollyRedWolf,pornstars,Russian
Molly.Red.Wolf,MollyRedWolf,pornstars,Russian
MollyRedWolf,MollyRedWolf,pornstars,Russian
Mylene.Monroe ,Mylene Monroe,pornstars,
Nanako.Asahina,Nanako Asahina,pornstars,Japanese
Natalia.Starr,Natalia Starr,pornstars,
NataliaStarr,Natalia Starr,pornstars,
Nia.Nacci,Nia Nacci,pornstars,Black
Nicole.Doshi,Nicole Doshi,pornstars,Chinese
Ninacola,Ninacola,pornstars,Asian
Noa.Tevez,Noa Tevez,pornstars,Latina
Noki.Thai,Noki_Thai,pornstars,Thai
Nola.Exico,Nola Exico,pornstars,BigTits
Octavia.Red,Octavia Red,pornstars,BigTits
OwlCrystal,OwlCrystal,pornstars,Estonian
Paisley.Paige,Paisley Paige,pornstars,Asian
Pokemonfit,Pokemonfit,pornstars,Asian
Polly.Pons,Polly Pons,pornstars,Thai
Poopea,Polly Pons,pornstars,Thai
Princess.Fucktoy,Princess Fucktoy,pornstars,Thai
Purple.Bitch,Purple Bitch,pornstars,Russian
Rachel.Rivers,Rachel Rivers,pornstars,Latina
Rae.Lil.Black,Rae Lil Black,pornstars,Japanese
RainbowSlut,RainbowSlut,pornstars,Latina
Rei.Furuse,Rei Furuse,pornstars,Japanese
Rei.Mizuna,Rei Mizuna,pornstars,Japanese
Reina.Heart,Reina Heart,pornstars,
Reina.Omori,Reina Omori,pornstars,Japanese
Reina.Rae,Reina Rae,pornstars,
Rhiannon.Ryder,Rhiannon Ryder,pornstars,
Ria.Sunn,Ria Sunn,pornstars,Czech
Rika.Fane,Rika Fane,pornstars,Czech
Riley.Reid,Riley Reid,pornstars,
Rin.Amane,Rin Amane,pornstars,Japanese
Rina.Aina,Rina Aina,pornstars,Japanese
Rion.Yoshizawa,Rion Yoshizawa,pornstars,Japanese
Roxy.Cox,Roxy Cox,pornstars,
Rumika,Rumika,pornstars,Japanese
Runa.Anzai,Runa Anzai,pornstars,Japanese
Runa.Shimotsuki,Runa Shimotsuki,pornstars,Japanese
Ryan.Reid,Ryan Reid,pornstars,
Sabrina.Spice,Sabrina Spice,pornstars,Romanian
Sadie.Hartz,Sadie Hartz,pornstars,
Sadie.Pop,Sadie Pop,pornstars,Latina
Saliva.Bunny,Saliva Bunny,pornstars,
Samantha.Flair,Samantha Flair,pornstars,
Savannah.Sixx,Savannah Sixx,pornstars,
Saya.Song,Saya Song,pornstars,Korean
Scarlett.Alexis,Scarlett Alexis,pornstars,Latina
SexpatG,SexpatG,pornstars,Chinese
Shalina.Devine,Shalina Devine,pornstars,Romanian
Shino.Aoi,Shino Aoi,pornstars,Japanese
Sia.Siberia,Sia Siberia,pornstars,Russian
Sky.Pierce,Sky Pierce,pornstars,
SladkiSlivki,Sladki Slivki,pornstars,
Sloansmoans,Sloansmoans,pornstars,Latina
Sofie.Mills,Sofie Mills,pornstars,
iBarbie,Sofie Mills,pornstars,
SolaZola,SolaZola,pornstars,Estonian
Sophia.Leone,Sophia Leone,pornstars,Latina
Sophie.Moone,Sophie Moone,pornstars,Hungarian
spicyXchan,spicyXchan,pornstars,Chinese
Xiaoyu.Li,spicyXchan,pornstars,Chinese
SukiSukiGirl,SukiSukiGirl,pornstars,Thai
Sweet.Bunny,Sweet Bunny,pornstars,
Sweetie.Fox,Sweetie Fox,pornstars,Russian
MoonFleur,Sweetie Fox,pornstars,Russian
Tatum.Christine,Tatum Christine,pornstars,
Telari.Love,Telari Love,pornstars,Russian
Telari.Vardis,Telari Love,pornstars,Russian
Tiffany.Fox,Tiffany Fox,pornstars,Petite
TokyoDiary,TokyoDiary,pornstars,Japanese
Tomoyo.Isumi,Tomoyo Isumi,pornstars,Japanese
Tsubasa.Kanon,Tsubasa Kanon,pornstars,Japanese
Tsubasa.Miyashita,Tsubasa Miyashita,pornstars,Japanese
Vanessa.Moon,Vanessa Moon,pornstars,Latina
Vanessa.Sky,Vanessa Sky,pornstars,Latina
Venus.Vera,Venus Vera,pornstars,Latina
Veronica.Leal,Veronica Leal,pornstars,Latina
Veronika.Charm,Veronika Charm,pornstars,
Vienna.Black,Vienna Black,pornstars,Latina
Vina.Sky,Vina Sky,pornstars,Vietnamese
Viva.Athena,Viva Athena,pornstars,Chinese
Vorgelis.Carrillo,Vorgelis Carrillo,pornstars,Latina
Winter.Jade,Winter Jade,pornstars,
Xreindeers,Xreindeers,pornstars,
Xxlayna.Marie,Xxlayna Marie,pornstars,Latina
Alice.Chen,YourAsianMinx,pornstars,
Yorgelis.Carrillo,Yorgelis Carrillo,pornstars,Latina
Your.Dirty.Doll,YourDirtyDoll,pornstars
Yui.Hatano,Yui Hatano,pornstars,Japanese
Yuki.Ayaha,Yuki Ayaha,pornstars,Japanese
Yumi.Sin,Yumi Sin,pornstars,Asian
Yuna.Mizuno,Yuna Mizuno,pornstars,Japanese
Zazie.Skymm,Zazie Skymm,pornstars,Hungarian
Zerella.Skies,Zerella Skies,pornstars,Latina
Zirael.Rem,Zirael Rem,pornstars,Russian
_JAV_,_JAV_,_JAV_,_JAV_
1pon,1pondo,/porn/_MANUAL_PROCESSING_/_JAV,Japanese
10mu,10musume,/porn/_MANUAL_PROCESSING_/_JAV,Japanese
carib,Caribbeancom,/porn/_MANUAL_PROCESSING_/_JAV,Japanese
Cospuri,Cospuri,series,Japanese
cwpbd,CatwalkPoison,/porn/_MANUAL_PROCESSING_/_JAV,Japanese
Erito,Erito,series,Japanese
FC2,FC2PPV,/porn/_MANUAL_PROCESSING_/_JAV,Japanese
H4610,H4610,/porn/_MANUAL_PROCESSING_/_JAV,Japanese
Heyzo,Heyzo,/porn/_MANUAL_PROCESSING_/_JAV,Japanese
JapanHDV,JapanHDV,/porn/_MANUAL_PROCESSING_/_JAV,Japanese
JAVHub,JAVHub,/porn/_MANUAL_PROCESSING_/_JAV,Japanese
paco,pacopacomama,/porn/_MANUAL_PROCESSING_/_JAV,Japanese
SpermMania,SpermMania,series,Japanese
SkyAngel,SkyAngel,/porn/_MANUAL_PROCESSING_/_JAV,Japanese
Tokyo.Hot,Tokyo Hot,/porn/_MANUAL_PROCESSING_/_JAV,Japanese
Tokyo Hot,Tokyo Hot,/porn/_MANUAL_PROCESSING_/_JAV,Japanese
_TWN_,_TWN_,_TWN_,_TWN_
Asia-M,Chinese,/porn/_MANUAL_PROCESSING_/_CHINESE,Chinese
MCY-,Chinese,/porn/_MANUAL_PROCESSING_/_CHINESE,Chinese
MDX-,Chinese,/porn/_MANUAL_PROCESSING_/_CHINESE,Chinese
MDSR-,Chinese,/porn/_MANUAL_PROCESSING_/_CHINESE,Chinese
MDWP-,Chinese,/porn/_MANUAL_PROCESSING_/_CHINESE,Chinese
MMZ-,Chinese,/porn/_MANUAL_PROCESSING_/_CHINESE,Chinese
ModelMedia,Chinese,/porn/_MANUAL_PROCESSING_/_CHINESE,Chinese
MPG-,Chinese,/porn/_MANUAL_PROCESSING_/_CHINESE,Chinese
MSD-,Chinese,/porn/_MANUAL_PROCESSING_/_CHINESE,Chinese
MT-,Chinese,/porn/_MANUAL_PROCESSING_/_CHINESE,Chinese
MM-,Chinese,/porn/_MANUAL_PROCESSING_/_CHINESE,Chinese
MSD-,Chinese,/porn/_MANUAL_PROCESSING_/_CHINESE,Chinese
PH-,Chinese,/porn/_MANUAL_PROCESSING_/_CHINESE,Chinese
RAS-,Chinese,/porn/_MANUAL_PROCESSING_/_CHINESE,Chinese
TMG-,Chinese,/porn/_MANUAL_PROCESSING_/_CHINESE,Chinese
TMW-,Chinese,/porn/_MANUAL_PROCESSING_/_CHINESE,Chinese
TMY-,Chinese,/porn/_MANUAL_PROCESSING_/_CHINESE,Chinese
XKG-,Chinese,/porn/_MANUAL_PROCESSING_/_CHINESE,Chinese
_SERIES_,_SERIES_,_SERIES_,_SERIES_
1000Facials,1000 Facials,series,Blowjobs
18Lust,18 Lust,series,Teen
18OnlyGirls,18 Only Girls,series,Teen
21EroticAnal,same,series,Anal
21FootArt,same,series,
21Naturals,same,series,
2ChicksSameTime,2 Chicks Same Time,series,BGG
AllGirlMassage,All Girl Massage,series,
AmateurAllure,Amateur Allure,series,Amateur
AmericanDaydreams,American Daydreams,series,
AnalBeauty,Anal Beauty,series,Anal
AngelaWhite,Angela White,series,
Asian1on1,Asian 1 on 1,series,Asian
AsianSexDiary,same,series_keepers,Asian
AssMasterpiece,Ass Masterpiec,series,Anal
AssParade,Ass Parad,series,Anal
ATKGirlfriends,same,series,
BackroomCastingCouch,BackroomCastingCouch,series,Casting
BabyGotBoobs,Baby Got Boobs,series,BigTits
BadDaddyPOV,Bad Daddy POV,series,POV
Baeb,same,series,
BananaFever,Banana Fever,series,
BangBus,Bang Bus,series,
BangCasting,Bang Casting,series,Casting
BangConfessions,same,series,
BangGlamkore,same,series,
BangGonzo,same,series,Gonzo
BangPOV,Bang POV,series,POV
bpov,Bang POV,series,POV
Bang.RealTeens,Bang! Real Teens,series,Teen
BangRealTeens,Bang! Real Teens,series,Teen
Bang.YNGR,Yngr,series,Teen
BangYNGR,Yngr,series,Teen
BBCSurprise,BBC Surprise,series,
Beauty4K,same,series,
BeautyandtheSenior,Beauty and the Senior,series,
BFFS,same,series,BGG
BigButtsLikeItBig,Big Butts Like it Big,series,
BigCockBully,Big Cock Bully,series,
BigCockHero,Big Cock Hero,series,
BigGulpGirls,Big Gulp Girls,series,Blowjob
BiGuysFuck,same,series,
BigTitCreampie,Big Tit Cream Pie,series,BigTits
BigTitsatSchool,Big Tits at School,series,BitTits
BigTitsatWork,Big Tits at Work,series,BigTits
BigTitsinSports,Big Tits in Sports,series,BigTits
BigTitsinUniform,Big Tits in Uniform,series,BigTits
BigTitsLikeBigDicks,Big Tits Like Big Dicks,series,BigTits
BigTitsRoundAsses,Big Tits Round Asses,series,BigTits
BigNaturals,Big Naturals,series,BigTits
BigWetButts,'Big Wet Butts,series,
BJRaw,BJRAW,series,Blowjob
BlackedRaw,same,series,
Blacked,same,series,
BlowjobFridays,BlowJob Fridays,series,Blowjob
BrattySis,same,series,
BrazzersExxtra,Brazzers Exxtra,series,
BrownBunnies,Brown Bunnies,series,Black
BoundGangbangs,Bound Gang Bangs,series,
BoxTruckSex,Box Truck Sex,series,
BurningAngel,Burning Angel,series,
ButtPlays,Butt Plays,series,
CastingCouch-HD,same,series,Casting
CastingCouch-X,same,series,Casting
CasualTeenSex,same,series,Teen
CherryPimps,Cherry Pimps,series,
ChicasLoca,Chicas Loca,series,Latina
ClothedFemaleNudeMale,Clothed Female Male Nude,series,
CFNM,Clothed Female Male Nude,series,
ClubSweethearts,same,series,
Conor.Coxxx,Conor Coxxx,series,
Creampie-Angels,Creampie Angels,series,Creampie
Culioneros,same,series,Latina
Cum4K,same,series,
CumFiesta,Cum Fiesta,series,
Czech Casting,Czech Casting,series,Casting
CzechEscortGirls,Czech Escort Girls,series,Czech
CzechSexCasting,Czech Sex Casting,series,Casting
CzechStreets,Czech Streets,series,Czech
CzechWifeSwap,'Czech Wife Swap,series,
DadCrush,same,series,
DaneJones,Dane Jones,series,
DaughterSwap,same,series,
DateSlam,same,series,
DayWithAPornstar,Day With A Porn Star,series,
DDFBusty,DDF Busty,series,BigTits
Defloration,same,series,
DigitalPlayground,same,series,
DirtyMasseur,Dirty Masseur,series,
DirtyWivesClub,Dirty Wives Club,series,
DoctorAdventures,Doctor Adventures,series,
DontBreakMe,Dont Break Me,series,
DorcelVision,Dorcel Vision,series,
EuroSexParties,Euro Sex Parties,series,
EuroTeenErotica,Euro Teen Erotica,series,Teen
EvilAngel,Evil Angel,series,
Exotic4k,same,series,
ExploitedCollegeGirls,Exploited College Girls,series,
ExploitedTeens,same,series,Teen
ExxxtraSmall,Exxxtra Small,series,Petite
FakeAgent,Fake Agent,series,
FakeAgentUK,Fake Agent UK,series,
FakeCop,Fake Cop,series,
FakeDrivingSchool,Fake Driving School,
FakeHospital,Fake Hospital,series,
FakeHostel,Fake Hostel,series,
FakehubOriginals,Fakehub Originals,series,
FakeTaxi,Fake Taxi,series,
FantasyHD,same,series,
FantasyMassage,Fantasy Massage,series,
FamilyStrokes,Family Strokes,series,
FamilyTherapy,Family Therapy,series,POV
FastTimes,Fast Times,series,
FellatioJapan,same,series,
FemaleFakeTaxi,Female Fake Taxi,series,
Femjoy,same,series,
FilthyPOV,Filthy POV,series,POV
FinishHim,same,series,
FirstAnalQuest,First Anal Quest,series,Anal
FirstBGG,First BGG,series,BGG
FirstClassPOV,First Class POV,series,POV
Fit18,same,series,Petite
FitnessRooms,Fitness Rooms,series,
Fitting-Room,Fitting-Room,series,
FittingRoom,Fitting-Room,series,
FuckingMachines,Fucking Machines,series,
GangbangCreampie,Gangbang Creampie,series,Gangbang
GirlCum,same,series,
GirlsTryAnal,Girls Try Anal,series,
GirlsWay,same,series,Lesbian
GotFilled,same,series,Creampie
GrandpasFuckTeens,same,series,
HandsOnHardcore,Hands on Hardcore,series,
HeavenPOV,same,series,POV
Hegre,same,series,
Hogtied,same,series,Bondage
HollyRandall,Holly Randall,series,
HotAndMean,Hot and Mean,series,
HotGuysFuck,same,series,
HotLegsandFeet,Hot Legs and Feet,series,
HouseofFyre,House of Fyre,series,
HouseofTaboo,House of Taboo,series,
Housewife1on1,Housewife 1 on 1,series,
HunterPOV,Hunter POV,series,POV
HussiePass,Hussie Pass,series,
Hustler,same,series,
IHaveAWife,I Have a Wife,series,
IKnowThatGirl,I Know That Girl,series,
IMadePorn,same,series,
ImmoralLive,Immoral Live,series,
InnocentHigh,Innocent High,series,
Inserted,same,series,POV
InterracialPass,Interracial Pass,series,
InTheCrack,In The Crack,series,
JavBus,same,series,Japanese
JayBankPresents,same,series,
JaysPOV,Jays POV,series,POV
JerkOffWithMe,same,
JeshByJesh,same,series,
JesseLoadsMonsterFacials,same,series,
Joymii,same,series,
KarupsHA,same,series,
KarupsOW,same,series,
KarupsPC,same,series,
KinkyFamily,same,series,POV
LANewGirl,LA New Girl,series,POV
LatinAdultery,Latin Adultery,series,
LatinaCasting,same,series,Latina
LatinaSexTapes,Latina Sex Tapes,series,Latina
LegalPorno,same,series,
Lesbea,same,series,Lesbian
LetsTryAnal,Lets Try Anal,series,Anal
LilHumpers,Lil Humpers,series,
LittleAsians,Little Asians,series,Asian
LittleCaprice,same,series,
LookAtHerNow,same,series,
LoveHerFeet,Love Her Feet,same,
Lubed,same,series,
ManoJob,Mano Job,series,
ManualAddActors,same,series,
ManuelFerrara,Manuel Ferrara,series,
MassageCreep,same,series,Massage
MassageRooms,Massage Rooms,series,Massage
mhbhj,MarksHeadBobbersAndHandJobbers,series,Blowjob
MilfHunter,Milf Hunter,series,MILF
MilfsLikeItBig,Milfs Like It Big,series,MILF
Mofos,same,series,
MommyBlowsBest,Mommy Blows Best,series,Blowjob
MommyGotBoobs,Mommy Got Boobs,series,BigTits
MommysGirl,Mommys Girl,series,
MomsBangTeens,Moms Bang Teens,series,
MomsInControl,Moms in Control,series,
MomsLickTeens,Moms Lick Teens,series,
MomsTeachSex,Moms Teach Sex,series,
MomXXX,same,series,
MonsterCurves,Monster Curves,series,
MrBigFatDick,same,series,
MrLuckyPOV,Mr Lucky POV,series,POV
MrPOV,same,series,POV
MrsCreampie,same,series,Creampie
MyFamilyPies,My Family Pies,series,Creampie
MyFirstSexTeacher,My First Sex Teacher,series,
MyFriendsHotGirl,My Friends Hot Girl,series,
MyFriendsHotMom,My Friends Hot Mom,series,
MyGirlfriendsBustyFriend,My Girlfriends Busty Friend,series,
MyDadsHotGirlfriend,My Dads Hot Girlfriend,series,
MyDaughtersHotFriend,My Daughters Hot Friend,series,
MyLifeInMiami,same,series,POV
MyNaughtyMassage,My Naughty Massage,series,Massage
MyPervyFamily,My Pervy Family,series,
MySistersHotFriend,My Sisters Hot Friend,series,
MyVeryFirstTime,same,series,
MyWifesHotFriend,My Wifes Hot Friend,series,
NaughtyAmerica,Naughty America,series,
NaughtyAthletics,Naughty Athletics,series,
NaughtyBookworms,Naughty Bookworms,series,
NaughtyOffice,Naughty Office,series,
NaughtyRichGirls,Naughty Rich Girls,series,
NaughtyWeddings,Naughty Weddings,series,
NeighborAffair,Neighbor Affair,series,
NetGirl,same,series,POV
NetVideoGirls,Net Video Girls,series,POV
NewSensations,New Sensations,series,
NFBusty,NF Busty,series,BigTits
NotMyGrandpa,same,series,
NubilesCasting,Nubiles Casting,series,
NubilesET,Nubiles ET,series,
NubileFilms,Nubile Films,series,
NubilesPorn,Nubiles Porn,series,
NubilesUnscripted,Nubiles Unscripted,series,
Nubiles,same,series,
NuruMassage,Nuru Massage,series,Massage
OldGoesYoung,same,series,
OnlyBlowjob,Only Blowjob,series,Blowjob
OnlyTeenBlowjobs,Only Teen Blowjobs,series,Blowjob
Passion-HD,PassionHD,series,
PenthouseGold,Penthouse Gold,series,
PerfectGirlfriend,same,series,POV
PervsOnPatrol,ervs On Patrol,series,
Petite18,same,series,Petite
PetiteHDPorn,Petite HD Porn,series,Petite
PixAndVideo,Pix and Video,series,
PornForce,same,series,
PornFidelity,same,series,
PornMegaLoad,Porn Mega Load,series,
PornstarsLikeitBig,Pornstars Like It Big,series,
PornWorld,same,series,
POVD,same,series,POV
POVLife,POV Life,series,POV
POVMasters,same,series,POV
POVPerv,same,series,POV
PrettyDirtyTeens,Pretty Dirty Teens,series,Teen
PrettyDirty,Pretty Dirty,series,
PrincessCum,Princess Cum,series,
PrivateCasting-X,same,series,Casting
PropertySex,Property Sex,series,POV
PublicAgent,Public Agent,series,
PublicDisgrace,Public Disgrace,series,
PublicPickups,Public Pickups,series,
PureCFNM,same,series,
PurgatoryX,same,series,
PutaLocura,same,series,Latina
RealExGirlfriends,same,series,
RealWifeStories,Real Wife Stories,series,
RKPrime,RK Prime,series,
ScorelandTwo,same,series,
ScrewMeToo,same,series,
SexandSubmission,Sex and Submission,series,
SexArt,same,series,
SexPacker,same,series,
SexualDisgrace,same,series,
SexuallyBroken,same,series,
SexWithMuslims,Sex With Muslims,series,
ShareMyBF,same,series,BGG
SheIsNerdy,She Is Nerdy,series,
ShesAFreak,Shes a Freak,series,
ShesNew,Shes New,series,
Shoplyfter,same,series,
SinsLife,same,series,
SisLovesMe,Sis Loves Me,series,
SlutInspection,same,series,
StayHomePOV,same,series,POV
StepSiblingsCaught,Step Siblings Caught,series,
StepSiblings,same,series,BGG
StrandedTeens,Stranded Teens,series,Teen
StreetBlowjobs,Street BlowJobs,series,Blowjob
SugarDaddyPorn,Sugar Daddy Porn,series,
Swallowed,Swallowed,series,Blowjob
SwallowSalon,Swallow Salon,series,Blowjob
TeacherFucksTeens,Teacher Fucks Teens,series,Teen
TeamSkeetXCamSoda,TeamSkeet X CamSoda,series,
TeasePOV,same,series,POV
TeenPies,Teen Pies,series,Teen
TeensDoPorn,Teens Do Porn,series,Teen
TeenFidelity,same,series,Teen
TeenSexMania,same,series,Teen
TeenSexMovs,Teen Sex Movs,series,Teen
TeensLikeItBig,Teens Like It Big,series,Teen
TeensLikeItBlack,Teens Like It Black,series,Teen
TeensLoveAnal,Teens Love Anal,series,Teen
TeensLoveHugeCocks,Teens Love Huge Cocks,series,Teen
TeensLoveCream,Teens Love Cream,series,Teen
TeensLoveMoney,Teens Love Money,series,Teen
TeenyLovers,same,series,Petite
TeenyTaboo,same,series,Petite
ThaiGirlsWild,same,series_keepers,Thai
ThaiSwinger,same,series_keepers,Thai
ThatSitcomShow,That Sitcom Show,series,
TheDickSuckers,The Dick Suckers,series,
TheLifeErotic,same,series,
TheRealWorkout,The Real Workout,series,
TheStripperExperience,The Stripper Experience,series,
TheUpperFloor,The Upper Floor,series,
ThisGirlSucks,This Girl Sucks,series,Blowjob
Throated,same,series,Blowjob
Tiny4k,same,series,Petite
TinySis,Tiny Sis,series,Petite
TMWPOV,same,series,POV
TonightsGirlfriendClassic,Tonights Girlfriend Classic,series,
TonightsGirlfriend,Tonights Girlfriend,series,
TrickySpa,Tricky Spa,series,
TrikePatrol,same,series_keepers,Filipina
TripForFuck,same,series,
TrueAmateurs,True Amateurs,series,Amateur
TukTukPatrol,same,series_keepers,Thai
TushyRaw,same,series,Anal
Tushy,same,series,Anal
Vixen,same,series,
WakeUpNFuck,same,series,
Watch4Beauty,same,series,
WebYoung,Web Young,series,
WeFuckBlackGirls,same,series,Black
WeLiveTogether,We Live Together,series,
WhippedAss,Whipped Ass,series,
Wicked,same,series,
WildOnCam,Wild On Cam,series,
WivesOnVacation,Wives on Vacation,series,
WoodmanCastingX,Woodman Casting X,series,Casting
WowGirls,same,series,
WOWOrgasms,WOW Orgasms,series,
WWMAMM,same,series,
X-Angels,X Angels,series,
YoungCourtesans,same,series,
YoungLibertines,same,series,
YouthLust,same,series,
ZeroTolerance,same,series,
ZZseries,ZZ Series,series,
